comment,label
"Great video! Really helped me understand the topic.",ham
"Can you make a tutorial on Python decorators?",ham
"This is exactly what I was looking for, thank you!",ham
"I've watched this 3 times already, so helpful!",ham
"Could you explain the part about recursion again?",ham
"Amazing content as always, keep it up!",ham
"New subscriber here, loving your content!",ham
"This saved me hours of searching, thank you so much!",ham
"Your explanation is so clear compared to other channels.",ham
"Waiting for the next part of this series!",ham
"🎰 JOIN NOW at MegaSlot888! Get 200% BONUS on first deposit! Register: bit.ly/megaslot",spam
"💰 Win BIG at CasinoPro! Free 100 spins for new members! Click here: t.me/casinopro",spam
"Play online slots at SuperBet — guaranteed winnings! → superbetXXX.com",spam
"EASY MONEY at PokerKing! Withdraw anytime, no limits! Sign up: pkXXX.net",spam
"🃏 BetMaster: Deposit 50 get 150 FREE! Trusted by 1 million players! bit.ly/betmaster",spam
"Best online casino 2024 → DiamondSlot. First bet FREE. Register now!",spam
"Make money fast! Join RoyalBet today and earn 500 daily guaranteed!",spam
"💵 JACKPOT ALERT at GoldenCasino! Play now and win millions! gcXXX.net",spam
"Earn passive income through our betting platform. 100% legit! Join: t.me/betpro",spam
"🎲 SlotWorld VIP — exclusive for new players. Deposit 20 play with 100. Link in bio!",spam
"I really appreciate how thorough your explanations are.",ham
"Do you have any books you recommend for beginners?",ham
"Just finished the whole playlist in one day, incredible work!",ham
"The difference between your channel and others is the depth you go into.",ham
"I paused so many times to take notes. Best tutorial series.",ham
"Can you do a video on machine learning for beginners next?",ham
"Subscribed because this is genuinely the best explanation I've found.",ham
"Please keep going with this series, I'm learning so much.",ham
"Thanks for always responding to comments, it means a lot.",ham
"This channel deserves way more subscribers honestly.",ham
"🎰 LuckyWin Casino — play from your phone! Free bonus every login! luckywinXXX.io",spam
"Register at BetZone and get daily free spins. No deposit required! betzone.cc",spam
"💸 Online gambling made easy — join SlotNation and win real cash today!",spam
"TOP casino site! 99% payout rate. Withdraw to e-wallet instantly. Click: tinyurl.com/slotnation",spam
"Want to earn extra money? Our betting bot has 90% win rate. DM for details.",spam
"🏆 CrownCasino VIP program: earn points, win prizes. Join free: crowncasinoXXX.com",spam
"New to gambling? Start with BetEasy — beginner-friendly with 50 free spins!",spam
"Deposit only 10, play with 100 at MiniCasino. Limited slots available!",spam
"🎁 FREE membership at SpinCity Casino this week only! Grab yours: spincityXXX.net",spam
"GrandJackpot.com — biggest jackpots online. Join thousands of winners now!",spam
"I never thought I'd understand this topic but now I finally do!",ham
"Can you collaborate with other educators? Would love to see that.",ham
"How long have you been teaching this subject?",ham
"The animations in this video make it so much easier to understand.",ham
"I shared this with my whole study group, everyone loved it!",ham
"You explain things the way teachers in school never could.",ham
"Is there a PDF version of your notes anywhere?",ham
"First time I've actually enjoyed learning this topic. Thank you!",ham
"I failed my exam last semester. Found your channel and passed this time!",ham
"Please do a Q&A session sometime, I have so many questions.",ham
"🎰 PlatinumSlots — play 500+ slot games online. Get 300% welcome bonus!",spam
"Trusted betting site since 2015. Join now and claim your VIP bonus!",spam
"💵 Turn 10 into 1000 with our proven betting strategy. Join our Telegram!",spam
"MEGA JACKPOT this weekend at StarCasino! Register free: starcasinoXXX.com",spam
"Online poker tournament — prize pool 50000! Register at PokerEliteXXX.com",spam
"🃏 Play blackjack, roulette, slots at HomeCasino. Instant withdrawal!",spam
"Exclusive offer: 500 free spins at SpinMaster Casino. Today only!",spam
"💰 Make real money online with BetWinner. Minimum deposit only 5!",spam
"Join our WhatsApp group for daily betting tips. 85% accuracy guaranteed!",spam
"🎲 VegasOnline — authentic Vegas experience from home. Claim bonus now!",spam
"Your content quality is honestly insane for a free channel.",ham
"I watch your videos every morning before work. It's become a ritual.",ham
"Can you make a video about common mistakes beginners make?",ham
"This is my third time rewatching and I keep learning new things.",ham
"You have a gift for breaking down complex topics simply.",ham
"I followed along and built my first project thanks to you!",ham
"The comments section here is so wholesome compared to other tech channels.",ham
"Do you offer one-on-one coaching or mentorship?",ham
"I've recommended your channel to everyone in my bootcamp.",ham
"Looking forward to the advanced series you mentioned!",ham
"🎰 RichSpin Casino — 1000+ games, live dealers, instant payouts. Join now!",spam
"Free bet every day when you sign up at DailyBetXXX.com!",spam
"💸 Crypto gambling platform — deposit Bitcoin, withdraw 2x! CryptoBetXXX.io",spam
"Win guaranteed prizes at WheelOfFortune Casino. Play free: wofcasinoXXX.com",spam
"📲 Download our casino app and get 100 free spins. No deposit needed!",spam
"Online betting is now legal and safe. Join SafeBetXXX today!",spam
"🏅 Football betting with best odds. Register at GoalBetXXX.com!",spam
"Earn money while you sleep with our automated betting system. PM me!",spam
"🎁 Christmas special: double deposit bonus at XmasCasino! Limited time!",spam
"Join 2 million players at MegaWin Casino. Register in 30 seconds!",spam
